,id,hotel,location,price,discount,rating
0,0.0,Capital O 80951 Hotel Radisson Suite,"India, Mumbai",2819,65,104
1,1.0,Oyo Silverkey Hotel Manas Residency,"Chembur East, Mumbai",2702,65,410
2,2.0,Oyo Hotel Airport Metro Near Chhatrapati Shivaji International Airport,"Andheri East, Mumbai",2289,64,879
3,3.0,Collection O Hotel Kiwi International Near Chhatrapati Shivaji International Airport,"Andheri East, Mumbai",2094,66,75
4,4.0,Oyo Druv'S Taj Palace Near Chhatrapati Shivaji International Airport,"Near Asalpha Metro Station, Dhumai Estate, Mumbai",2656,65,686
5,5.0,Collection O Collection O Hotel Jayshree Domestic Airport,"Vile Parle East, Mumbai",3127,65,588
6,6.0,Oyo Hotel Blue Executive Near Chhatrapati Shivaji International Airport,"On main street, Near Saki Vihar complex, Sakinaka,Mumbai",2772,65,1875
7,7.0,Oyo Blue Pearl Residency Near Chhatrapati Shivaji International Airport,"On main street, Near Asalpha Metro Station, Ghatkopar, Mumbai",1921,65,995
8,8.0,Oyo Hotel Blue Sapphire Residency Near Chhatrapati Shivaji International Airport,"Near The Crescent Business Park, Sakinaka, Mumbai",2220,65,1144
9,9.0,Oyo Hotel Blue Sea Near Chhatrapati Shivaji International Airport,"On main street, Near Asalpha Metro Station, Ghatkopar, Mumbai",1921,65,2051
10,10.0,Super Oyo Hotel Divine Residency Near Phoenix Marketcity,"Near Chirag Nagar Police Station, LBS Marg, Mumbai",4069,65,644
11,11.0,Capital O Hotel Adore Palace,"Sakinaka Jharimari Link Road, Mumbai",2092,66,34
12,12.0,Oyo Hotel Greenforest Near Airport Road Metro Station,"Near Axis Bank, Customs Colony, Mumbai",2247,67,664
13,13.0,Capital O Hotel Pearl Near Us Embassy,"Near Wajan Kata Bus Stop, Indira Nagar, Mumbai",2896,65,119
14,14.0,Oyo Anjali Hotel Mumbai,"Near Kanti Nagar, Andheri East, Mumbai",2535,67,477
15,15.0,Oyo Rana Residency Near Western Express Highway Metro Station,"Tolany Naka, Sher-e-Punjab Colony, Mumbai",1916,67,589
16,16.0,Flagship The Mumbai Inn Near Chhatrapati Shivaji International Airport,"The Mumbai Inn 90 Feet Road Next To Peninsula Near Tilak Nagar Gate Sakinaka Mumbai, Mumbai",1863,67,470
17,17.0,Oyo Royal Inn Near Versova Beach,"Near Jankidevi Public School Road, Varsova, Mumbai",2740,67,465
18,18.0,Capital O Hotel Zaid International Near L&T Sakinaka & Iit Powai,"Near Huntsman Building, Marol, Mumbai",3273,65,711
19,19.0,Oyo Flagship Om Residency Near Airport Road Metro Station,"Near Ganesh nagar, Marol, Mumbai",2530,67,16
20,20.0,Spot On Yatra Inn Near Lalbagh Botanical Garden,"Lalbagh, Bangalore",1040,64,2617
21,21.0,Oyo Townhouse 180 Jayanagar,"Near Sagar Hospital, Tilak Nagar, Bangalore",1828,67,3524
22,22.0,Super Oyo Townhouse Oak Spruce Hotels A2 Indiranagar,"India, Bangalore",1423,75,253
23,23.0,Super Oyo Collection O Sabharwal Residency Near Lalbagh Botanical Garden,"Opposite Shanthinagar, Bangalore",1410,65,429
24,24.0,Oyo Townhouse Chic 364 Richmond Road Near Cubbon Park,"Near Baldwin Women College, Richmond Town, Bengaluru",2082,65,1457
25,25.0,Oyo Hotel Townhall,"Near Dhanlakshmi Bank, JC Road, Bangalore",1070,65,1144
26,26.0,Collection O Hotel Hemadri Residency,"Opp Saraswati Kalyana Mantapa, Bangalore",872,67,74
27,27.0,Super Oyo Capital O Boulevard Elite Madiwala Near Ragigudda Sri Prasanna Anjanayeswamy Temple,"B T M Layout, Bangalore",1365,66,2664
28,28.0,Oyo Sai Ram Residency,"Cubbonpet Main Road, Bangalore",1092,67,207
29,29.0,Super Oyo Design Oyo Townhouse Oak Clove Boutique Hotel Rajaji Nagar,"4th Block, Rajaji Nagar, Bangalore",3053,65,1360
30,30.0,Spot On Hotel Relax Inn Near Banashankari Metro Station,"Banashankari 3rd Stage, Bangalore",645,77,69
31,31.0,Super Oyo Townhouse 385 Navya International Ramamurthy Nagar Near Phoenix Marketcity,"Near Rammamurthynagar Police Station, Bangalore",1274,67,2655
32,32.0,Oyo Sree Balaji Residency,"Agrahara Dasarahalli, Rajaji Nagar, Bangalore",907,67,360
33,33.0,Super Oyo Townhouse 238 Tierra Woods Near Halasuru Metro Station,"Halasuru, Bangalore",2276,65,1675
34,34.0,Capital O Champion Lotus Near Mantri Square Mall,"Near IIFT, Vijayanagar, Bangalore",1339,65,1342
35,35.0,Capital O Premium Hotel Victoria Heights Near Sri Someshwara Swami Temple,"Near St.Philomena's Hospital, Xavier Layout, Bangalore",1508,67,957
36,36.0,Townhouse Oak Srk White Inn Near Ragigudda Sri Prasanna Anjaneyaswamy Temple,"Koramangala, Bangalore",1427,65,1603
37,37.0,Oyo Hotel Silver House Near Mantri Square Mall,"Arghar Dasrahalli Near Madhu Hospital Opp Maharaja Tent House Reliance Smart Building Magadi Main Road, Bangalore",844,65,494
38,38.0,Varcity Emerald Near Ragigudda Sri Prasanna Anjaneyaswamy Temple,"Near KEB Colony, BTM Layout 1, Bangalore",879,65,1965
39,39.0,Collection O Hotel Palm Tree,"Near Halasuru Metro Station, Ulsoor, Bangalore",2566,65,1271
40,40.0,Super Oyo Townhouse 385 Navya International Ramamurthy Nagar Near Phoenix Marketcity,"Near Rammamurthynagar Police Station, Bangalore",1274,67,2655
41,41.0,Collection O Hotel Tiara Near Christ University,"Tavarekere Main Rd, Bangalore",1175,67,644
42,42.0,Townhouse Oak Srk White Inn Near Ragigudda Sri Prasanna Anjaneyaswamy Temple,"Koramangala, Bangalore",1427,65,1603
43,43.0,Oyo Sai Ram Residency,"Cubbonpet Main Road, Bangalore",1092,67,207
44,44.0,Super Oyo Nar Comforts Near Majestic & Near Ksr Railway Station,"NAR Comforts,13, G.K temple street, opp. Vijayalaxmi theater, Chickpet, Bangalore",1338,64,1682
45,45.0,Flagship Hotel Royal Comfort Near Cubbon Park,"Gandhinagar, Bangalore",1357,65,60
46,46.0,Super Oyo Capital O Choice Regal Suites Near Ragigudda Sri Prasanna Anjanayeswamy Temple,"Centrally Located, Near Sagar Hospital, Hombegowda Nagar, Bangalore",1753,65,1337
47,47.0,Capital O Champion Lotus Near Mantri Square Mall,"Near IIFT, Vijayanagar, Bangalore",1339,65,1342
48,48.0,Oyo Hotel Blue Inn,"Near Bilal masjid, Gurappanapalya, Bangalore",1351,67,1393
49,49.0,Oyo Hotel Silver House Near Mantri Square Mall,"Arghar Dasrahalli Near Madhu Hospital Opp Maharaja Tent House Reliance Smart Building Magadi Main Road, Bangalore",844,65,494
50,50.0,Super Oyo Flagship Vsv Avenue Hennur Near Sri Amruth Chithra Mandira," landmark Krishna Medical Store) Oposite Krishna Leela Grand Hotel, Bangalore",1264,65,299
51,51.0,Super Oyo Design Oyo Townhouse Oak Clove Boutique Hotel Rajaji Nagar,"4th Block, Rajaji Nagar, Bangalore",3053,65,1360
52,52.0,Collection O Hotel Palm Tree,"Near Halasuru Metro Station, Ulsoor, Bangalore",2566,65,1271
53,53.0,Oyo Townhouse 76427 Hotel Skyline Near Banashankari Metro Station,"B S K 2nd Stage, Bangalore",1406,65,352
54,54.0,Oyo Flagship Hotel Skyspace Near Hare Krishna Hill,"Yeswantpur Near Railway Station, Bangalore",1140,65,358
55,55.0,Spot On 810480 Canton Lodging And Boarding,"Karnataka, Bangalore",872,67,17
56,56.0,Collection O Onyx International Near Ragigudda Sri Prasanna Anjaneyaswamy Temple,"Karnatakanull, Bangalore",1334,67,332
57,57.0,Oyo Mn Residency Near Ragigudda Sri Prasanna Anjaneyaswamy Temple,"Madiwala,  South Zone, Bengaluru, Bangalore South, Bangalore Urban, Karnataka, - 560034, India Bangalore.",1257,67,1061
58,58.0,Oyo Home Leva Homes Near Baiyappanahalli Metro Station,"Mahadevapura Zone, Bangalore",1236,65,1013
59,59.0,Super Oyo Capital O Chetana Inn,"Centrally Located, Near Shanti Niketan School, Kodigehalli, Bangalore",1352,64,1549
60,60.0,Super Oyo Capital O Choice Regal Suites Near Ragigudda Sri Prasanna Anjanayeswamy Temple,"Centrally Located, Near Sagar Hospital, Hombegowda Nagar, Bangalore",1753,65,1337
61,61.0,Super Oyo Capital O Blooms Stay Inn Near Snow City,"Bangalore Urban, Bangalore",2063,65,663
62,62.0,Super Oyo Townhouse 273 Hosur Main Road Bommanahalli Near Gopalan Innovation Mall,"Near krishna Theature Bommanahalli, Hosur main road, Bangalore",2302,65,1983
63,63.0,Oyo Nra Residency Near Rajarajeshwari Nagar Metro Station,"Rajarajeshwari Nagar, Bangalore",759,68,416
64,64.0,Super Oyo Flagship Vsv Avenue Hennur Near Sri Amruth Chithra Mandira," landmark Krishna Medical Store) Oposite Krishna Leela Grand Hotel, Bangalore",1264,65,299
65,65.0,Super Oyo Capital O Ss Suites Near Ragigudda Sri Prasanna Anjaneyaswamy Temple,Above Vishal Mega mart,1513,67,1488
66,66.0,Collection O Nandi Comforts,"Yeshwantpur, Bangalore",872,70,52
67,67.0,Flagship Hotel Royal Comfort Near Cubbon Park,"Gandhinagar, Bangalore",1357,65,60
68,68.0,Capital O Hotel Shanti Nivas Near Hare Krishna Hill,"Near Yeshwanthpur , Sri Raghavendra Layout, Bangalore",1159,65,807
69,69.0,Capital O Prime Residency,"Near Perseverance HBR, Saint Thomas Town, Bangalore",1339,65,795
70,70.0,Capital O Safari Rooms Near Snow City,"India Bangalore Karnatakaindia, Bangalore",1316,68,160
71,71.0,Super Oyo Capital O Chetana Clove,"Near Shanti Niketan School, Maruthinagar, Bangalore",1397,65,1653
72,72.0,Super Oyo Collection O 85404 Valleyton Park,"Near Manyata Tech Park,HBR Layout,Outer Ring Road,Bangalore",1261,68,593
73,73.0,Oyo Townhouse 76427 Hotel Skyline Near Banashankari Metro Station,"B S K 2nd Stage, Bangalore",1406,65,352
74,74.0,Oyo Flagship Hotel Skyspace Near Hare Krishna Hill,"Yeswantpur Near Railway Station, Bangalore",1140,65,358
75,75.0,Spot On Janapriya Lodge Near Hare Krishna Hill,"Bangalore Urban, Bangalore",781,67,372
76,76.0,Santa Maria Near Indiranagar Metro Station,"Jeevan Bhima Nagar, Bangalore",1384,65,707
77,77.0,Super Oyo Townhouse 149 Siri Residency,"Bhuvaneswari Nagar, Bangalore",1716,64,887
78,78.0,Super Oyo Capital O High End Withinn Hotel Near Hare Krishna Hill,"Near NIAS, Mathikere Extension, Bangalore",1873,65,993
79,79.0,Collection O Royal Elevar,"Dasarahalli, Bangalore",1018,65,630
80,80.0,Oyo Mn Residency Near Ragigudda Sri Prasanna Anjaneyaswamy Temple,"Madiwala,  South Zone, Bengaluru, Bangalore South, Bangalore Urban, Karnataka, - 560034, India Bangalore.",1257,67,1061
81,81.0,Oyo The Royal International Hotel,"Near Robert Bosch Company, Mangammanapalya, Bangalore",1140,65,822
82,82.0,Spot On 76191 Sahara Lodge,"Yeshwanthapura, Bangalore",670,68,353
83,83.0,Oyo Hotel Golden Arch Near Palace Ground,"Near Vijayanagar police station, MC Layout, Bangalore",1077,67,202
84,84.0,Collection O Onyx International Near Ragigudda Sri Prasanna Anjaneyaswamy Temple,"Karnatakanull, Bangalore",1334,67,332
85,85.0,Collection O Hotel Supreme Suites Near Sri Amruth Chithra Mandira,"14/15 14 And 15 L V Complex Munireddy Layout Horamavu Banaswadi, Bangalore",1023,67,126
86,86.0,Collection O Hotel Status Executive Room'S,"Near Old Airport Road, Bangalore",1344,69,39
87,87.0,Super Oyo Collection O Ctc Gardenia Residency Near Lalbagh Botanical Garden,"Opp Urvashi Theatre, Bangalore",1921,65,318
88,88.0,Spot On Srinivasa Boarding And Lodging Near Vijayanagar Metro Station,"Near N R Colony, Sajjepalya, Bangalore",670,67,432
89,89.0,Oyo Flagship 37297 N R Deluxe,"Near Prashant Hospital, Bangalore",649,85,59
90,90.0,Capital O N R Comforts Near Nexus Mall Koramangala,"Koramangala, Bangalore",1095,64,178
91,91.0,Capital O Royal Manyata,"Gate Number 4, Bangalore",1194,65,854
92,92.0,Super Oyo Townhouse 490 Indiranagar Extn,"Bangalore, Bangalore",1473,67,923
93,93.0,Collection O Sln Suites,"Behind Baptist Hospital, Hebbal",1670,65,244
94,94.0,Capital O Elite Stay Jp Nagar Near Ragigudda Sri Prasanna Anjaneyaswamy Temple,"6th Phase, Bangalore",1452,65,926
95,95.0,Flagship Sai Vishram,"26/1 sheshadri Road  Anandrao Circle Gandhi Nagar, Bangalore",1061,65,38
96,96.0,Super Oyo Flagship Blooms Residency Near Baiyappanahalli Metro Station,"Bangalore East, Bangalore",1800,65,750
97,97.0,Oyo Royal Grand Residency Near Lalbagh Botanical Garden,"Bangalore Karnataka, Bangalore",1164,64,586
98,98.0,Oyo Flagship Varcity Plaza Near Ragigudda Sri Prasanna Anjaneyaswamy Temple,"Near Cross Road, Maruti Nagar, Bangalore",1272,75,588
99,99.0,Oyo 18544 Amm Residency,"Mavalli, Bengaluru",1191,67,2
100,100.0,Townhouse 038 Global Wings Hotels Near Sri Amruth Chithra Mandira,"Kammanahalli, Bangalore",1517,65,675
101,101.0,Flagship Gn Nelli Rooms Near Cmr University,"Bengalore-43, Bangalore",1050,64,240
102,102.0,Townhouse Oak Hotel Prime,"Near Karnataka Bank, Babusapalya Main Road, Bangalore",2061,65,917
103,103.0,Oyo Hotel Blue Inn,"Near Bilal masjid, Gurappanapalya, Bangalore",1351,67,1393
104,104.0,Oyo Hotel Fiesta Grand,"Near Mariyappa Road, Jayanagar Ward, Bangalore",1262,64,225
105,105.0,Collection O Tierra Woods,"Bangalore , Bangalore",1628,65,102
106,106.0,Oyo Flagship 79381 Dm Residency Near Goraguntepalya Metro Station,"Rajarajeshwari Nagar Zone, Bangalore",977,67,179
107,107.0,Oyo Flagship 811000 Atithi Comforts,"Yeshwantpur, Bangalore",981,67,6
108,108.0,Oyo Royal Inn Near Iskcon Temple Bangalore,"Near 14th Main Road, Rajaji Nagar, Bangalore",988,67,278
109,109.0,Oyo Flagship 810144 Sunder Nivas,"Yeshwantpur, Bangalore",911,67,28
110,110.0,Super Oyo Capital O King Suites Hennur Near D Mart,"East Zone, Bangalore",1293,65,164
111,111.0,Super Oyo Capital O Savi International Near Bengaluru Palace,"Near Mantri Square Mall, Sheshadripuram, Bangalore",2099,65,1044
112,112.0,Oyo Hotel Diva Residency Near Nayandahalli Metro Station,"Near Syndicate Bank, Gandhi Nagar, Banglore",1228,68,20
113,113.0,Oyo Home Exotic Stay Bsk 3Rd Stage,"Katriguppe, Bangalore",1282,64,568
114,114.0,Flagship Pride Inn,"14 Cross Hosur Main Road, Bangalore",1289,64,373
115,115.0,Oyo Hotel Turista,"Near Central Silk board, BTM Layout, Bangalore",910,67,1086
116,116.0,Super Oyo Flagship Majestic Near Lalbagh Botanical Garden,"Near Majestic Railway Station, Akkipete, Bangalore",1509,65,1158
117,117.0,Oyo Home Leva Homes Near Baiyappanahalli Metro Station,"Mahadevapura Zone, Bangalore",1236,65,1013
118,118.0,Capital O Gn Suites Near Om Shakthi Temple,"Near Sub Registrar ice, Banaswadi, Bangalore",1734,65,771
119,119.0,Oyo Townhouse 093 Ramamurthy Nagar Near Baiyappanahalli Metro Station,"Near Ramamurthy Nagar Signal, Bangalore,Karnataka",1901,65,769
120,120.0,Collection O 812451 The Grand Budget Hotel,"Karnataka , Bangalore",1536,67,93
121,121.0,Flagship My Own Nest Near Ragigudda Sri Prasanna Anjaneyaswamy Temple,"Near Srinivasa Temple, Bangalore",1342,65,223
122,122.0,Oyo Flagship 5590 Ujwal Residency,"Near Indian Oil Petrol Bunk, Divanarapalya, Bangalore",1179,67,20
123,123.0,Oyo Flagship 810304 New Pavithra Paradise,"No 462 3rd Phase 3rd Block Havanur Circle Basaveshwaranagar Bangalore, Bangalore",1071,64,278
124,124.0,Oyo Sri Sai Guru Comforts,"Near Kodigihalli Gate, Byatarayanapura, Bangalore",1159,65,75
125,125.0,Flagship Elite Stay Near Ragigudda Sri Prasanna Anjaneyaswamy Temple,"Jp Nagar, Bangalore",1392,65,14
126,126.0,Spot On 810681 Vasavi Residency,"Bangalor, Bangalore",725,70,27
127,127.0,Oyo Flagship 810484 Royal Galaxy Lodge,"05th road cross Iblur bus stop. opposite Colombia asia hospital.sarjapur outer ring road. , Bangalore",743,72,661
128,128.0,Capital O 70991 Prime Square,"Centrally Located, Near Kalyan Nagar Bus Stand, 1st stage, Bangalore",1377,65,231
129,129.0,Oyo Royal Residency Near Hare Krishna Hill,"Near Taj Yeshwantpur, M S K Nagar, Bangalore",1088,65,254
130,130.0,Oyo 8501 Abhimaani Comforts,Kanakpura main road metro pillar number 45 nearby Banashankari metro station JP Nagar,1403,65,271
131,131.0,Flagship S M Residency Near Mysore Road Metro Station,"Nagarbhavi, Bangalore",1276,64,14
132,132.0,Flagship Sree Nandanam Residency,"Bengaluru, Bangalore",1014,67,837
133,133.0,Oyo Townhouse 076 Hebbal,"Dasarahalli, Bangalore",1950,65,514
134,134.0,Super Oyo Exotica Hotels Near Ragigudda Sri Prasanna Anjaneyaswamy Temple,"Near Jayadeva Flyover, BTM Layout, Bangalore",1876,64,126
135,135.0,Oyo Flagship V R Residency Near Sri Amruth Chithra Mandira,"Centrally Located, Near 4th block, HBR Layout, Bangalore",1398,65,96
136,136.0,Collection O 62387 Emara Grand Hotel,"H S R Layout, Bangalore",2489,65,8
137,137.0,Oyo Flagship 80878H Century Gardens,"Bengaluru, Bangalore",1412,65,203
138,138.0,Hotel Telehaus International Near Lalbagh Botanical Garden,"Near Karnataka Bank, Shanti Nagar, Bangalore",2099,65,99
139,139.0,Oyo Townhouse 078 Dodda Banaswadi,"Near Udupi Upachar, Lakshmamma Layout, Bangalore",2082,65,287
140,140.0,Flagship Hotel Amster Inn,"Near Mysore RD. Metro Station, FCI Layout, Bangalore",1500,65,1
141,141.0,Collection O 812391 Sri Skanda Inn,"Venugopal Reddy Layout, Bangalore",1384,67,4
142,142.0,Collection O B Six Hotel,"Kalasipalyam Main Road, Bangalore",2392,65,159
143,143.0,Oyo Flagship 810923 Hotel Shiva International,"Bangalore, Bangalore",1286,68,13
144,144.0,Collection O Fortune Rooms,"Karnataka , Bangalore",1538,65,14
145,145.0,Collection O Ira International Boutique Hotel,"India, Bangalore",2211,65,7
146,146.0,Oyo Flagship 81138 Gm Royals,"Karnataka, Bangalore",643,69,13
147,147.0,Collection O Metro O Comforts,"JP Nagar Metro Station, JP Nagar, Bangalore",1566,65,23
148,148.0,Oyo Flagship 810805 My Own Nest 2 Ramamurthy Nagar,"Devki Apparao Layout, Bangalore",1442,67,90
149,149.0,Palette Hotel Metro View Inn,"India, Bangalore",2601,47,9
150,150.0,Oyo Flagship 69693 The Royal Park,"Near OYE Amritsar, New Tippasandra, Banglore",2339,65,1
151,151.0,Oyo Flagship 44601 Cloud Stay,"Near Sai Baba Temple, Kudlu Gate, Bangalore",1773,65,417
152,152.0,Collection O 809961 New Royal Serenity Inn,"India , Bangalore",1772,65,1248
153,153.0,Super Oyo Flagship Archana Inn Near Lalbagh Botanical Garden,"Near Minerva Circle, JC Road, Bangalore",1189,65,137
154,154.0,Collection O Premium Eden Au Lac Near Sri Someshwara Swami Temple,"Near Indiranagar Police Station, Indiranagar, Bangalore",1953,64,200
155,155.0,Oyo Flagship 92604 Sp Residency Near Ragigudda Sri Prasanna Anjaneyaswamy Temple,"Btm 2nd Stagenull, Bangalore",890,73,185
156,156.0,Oyo Flagship Nr Residency Near Nexus Mall Koramangala,"Near Teacher's colony Park, Jakkasandra, Bangalore",1050,76,249
157,157.0,Oyo Flagship 7558 Galaxy Inn,"Shivaji Nagar, Bangalore",1781,65,63
158,158.0,Oyo Nr Royal Near Nexus Mall Koramangala,"Sector 6, HSR Layout Ward, Bommanahalli Zone, Bengaluru, Bangalore South, Bangalore Urban, Karnataka",1272,65,1273
159,159.0,Oyo Flagship 13043 Sree Sai Suites,"Near SBI Bank, RT Nagar Main Road, Bangalore",1672,65,2372
160,160.0,Super Oyo Flagship Olivia Comforts Near Nexus Mall Koramangala,"Near Eat Street, Kormangala, Bangalore",2717,67,4151
161,161.0,Super Oyo Collection O Compact Green View Near Nexus Mall Koramangala,"Near Ejipura Bus stand, Ashwini Layout, Bangalore",598,71,1101
162,162.0,Super Oyo Flagship Varcity Phi Premium Pavilion Near Ragigudda Sri Prasanna Anjanayeswamy Temple,"B T M Layout, Bangalore",1361,64,1995
163,163.0,Flagship White Fort Near Lalbagh Botanical Garden,"Dispensary Rd, Kalasipalya,Bangalore",572,68,1762
164,164.0,Capital O Elegant Amethyst Business Hotel Near Ragigudda Sri Prasanna Anjaneyaswamy Temple,"5th Block, Jayanagar, Bangalore",576,72,1434
165,165.0,Super Oyo Hotel Subha Residency Near Cubbon Park,"Majestic, Bangalore",677,75,431
166,166.0,Capital O Victorian Comforts Near Sri Someshwara Swami Temple,"Near Adams Creation, Victoria Layout, Bangalore",581,75,165
167,167.0,Flagship Hotel Gurudev Residency Near Cubbon Park,"Gandhi Nagar, Bangalore",1519,65,1004
168,168.0,Spot On Hotel Sri Thirumala Lodge,"Opp BHEL, Bangalore",960,67,888
169,169.0,Collection O Naidu Palace Near Iskcon Temple Bangalore,"Near Dhobi Ghat junction, Rajajinagar, Bangalore",1066,67,103
170,170.0,Super Oyo Townhouse 258 Spruce Hotels Bellandur,"Bellandur, Bangalore",819,67,129
171,171.0,Collection O 808132 Status Suites,"Bangalore , Bangalore",768,67,798
172,172.0,Oyo Exotic Stay Bg Road,"Bangalore Urban, Bangalore",699,80,2919
173,173.0,Spot On A Class Suites Near Hare Krishna Hill,"Bangalore Urban, Bangalore",599,76,943
174,174.0,Oyo Varcity Park Near Ragigudda Sri Prasanna Anjaneyaswamy Temple,"Near SV Hospitals, Madiwala, Bangalore",576,77,562
175,175.0,Flagship Aayush Corporate Stays Near Nexus Mall Koramangala,"Near Maharaja Signal, Kormangala, Bangalore",576,67,709
176,176.0,Oyo Shree Mookambika Guest House Near Sri Someshwara Swami Temple,"Kormangla, Bangalore",549,72,1086
177,177.0,Oyo Corner Golf View Near Sri Someshwara Swami Temple,"Domlur, Bangalore",808,74,1320
178,178.0,Home Shiva Shakthi Inn Near Ragigudda Sri Prasanna Anjaneyaswamy Temple,"J P Nagar, Bangalore",899,65,2881
179,179.0,Super Oyo Hotel Resida Elite Service Apartments Near Sri Someshwara Swami Temple,"Near Domlur Bridge, Indiranagar, Bangalore",1049,67,140
180,180.0,Super Oyo Townhouse 610 Derawal Nagar,"Near Vinayak Hoptiat, Gujranwala Town, Delhi",2011,65,3508
181,181.0,Oyo Shubh Guest House,"C1/64 Main Sarvice Road Soniya Vihar 3 Rd Pusta, Delhi",1002,65,337
182,182.0,Oyo Townhouse 868 Dream Connect Near Tdi Mall,"Wz-3 Opp Pillor No 322 Moti Nagar Delhi, Delhi",1282,64,61
183,183.0,Oyo Blue Diamond Near Jahangirpuri Metro Station,"Opp. Metro Pillar No. 102, Near Sai Baba Mandir, Adarsh Nagar, Delhi",921,67,864
184,184.0,Flagship Hotel Diamond Tree,"New Delhi, Delhi",1252,65,848
185,185.0,Oyo The Chill Palace Near Haiderpur Metro Station,"North West Delhi, Delhi",1552,67,4273
186,186.0,Flagship The Mayur Hotel,"Tri Nagar, Delhi",1441,67,170
187,187.0,Oyo Hotel Landmark Inn,Near Karol Bagh Metro Station,576,67,249
188,188.0,Flagship Hotel Happy Moments,"Near Divine Hospital, Delhi",759,67,735
189,189.0,Collection O Radisson Blue Hotel Nearby Khajuri Chowk Signature Bridge,"Bhajanpura, Delhi",643,69,427
190,190.0,Flagship Kashish Residency Near Model Town Metro Station,"Ashok Vihar-3, Delhi",1048,67,180
191,191.0,Oyo Flagship 812491 Hotel Siddhartha Guest House,"Seelampur, Delhi",811,68,75
192,192.0,Oyo Hotel New Tech India,"Near Jhandewalan, Nai Walan, Delhi",845,67,23
193,193.0,Flagship Sr Residency Near Ccd,"Block B, Delhi",549,69,49
194,194.0,Oyo Home Hotel New Singh Near Adarsh Nagar Metro Station,"Near Metro Pillar No 103, Delhi",899,77,342
195,195.0,Oyo 81212 White House Residency Near Haiderpur Metro Station,"108,Street Number 3, Shalimar Bagh Village, New Delhi",839,67,168
196,196.0,Oyo Flagship 810701 Mayura Residency,"Maharam Mohalla, Delhi",966,67,2171
197,197.0,Oyo Townhouse 816 The Diamond Tree Near Dilshad Garden Metro Station,D-75 near dilshad garden metro station,576,73,1289
198,198.0,Oyo Hotel Prince Near Haiderpur Metro Station,"Haiderpur Village, Delhi",666,67,769
199,199.0,Flagship Hotel Grow More Near Shiv Mandir,"East Babarpur, Delhi",951,67,610
200,200.0,Super Oyo Townhouse 057 Gujranwala Town Near Azadpur Metro Station,"Tehsil, Delhi",996,67,545
201,201.0,Oyo Hotel J Joy,"MAIN FAIZ ROAD  Above SBI BANK), KAROL BAGH",1321,70,1807
202,202.0,Oyo Hotel Sun City Near Gurudwara Shri Bangla Sahib,"Near Karol Bagh, Channa Market, Delhi",799,73,103
203,203.0,Oyo Sushma Ssadan,"Sawan Park Ashok Vihar Phase 3 Model Town Tehsil, Delhi",1384,67,15
204,204.0,Oyo Flagship 2064 Hotel The Spot,"New Delhi, Delhi",599,66,118
205,205.0,Oyo Hotel City Castle,"Near Karol Bagh, Nai Walan, Delhi",916,67,17
206,206.0,Flagship Hotel S Inn,"Paharganj New Delhi, Delhi",575,72,11
207,207.0,Oyo Flagship 81012 S P Rooms,"Mahendra Park, Delhi",1768,65,148
208,208.0,Oyo Kochar Plaza Near Satyam Inox Patel Nagar,"Near Liberty Cinema, New Rohtak Rd, Delhi",1084,67,43
209,209.0,Oyo Flagship 810341 Hotel Royal Plaza,"wz 523/1 bali nagar extension, Delhi",1794,65,7
210,210.0,Collection O 811864 Hotel Aura Stay,"Paharganj, Delhi",776,67,62
211,211.0,Flagship Hotel Happiness Inn Near Tdi Mall,"Karampura, Delhi",1236,67,4
212,212.0,Oyo Flagship 810642 Hotel Kd Homes,"wazirabad near book shop opposite mohalla clinic Delhi, Delhi",1115,67,36
213,213.0,Oyo Ms Residency,"Near to Aarash nagar metro station pillar no:-104, Delhi",1490,67,65
214,214.0,Oyo Flagship 35359 Hotel Victoria Dx,"Near New Delhi Railway Station, Delhi",851,67,17
215,215.0,Oyo 811030 Ocean Guest House,"Brij Puri, Delhi",1156,67,28
216,216.0,Oyo Flagship 81042 Step Inn International,"Delhinull, Delhi",1152,67,2
217,217.0,Flagship Hotel Sun Shine,"Shakarpur Main Market, Delhi",1005,67,913
218,218.0,Oyo Flagship 811700 Hotel Iconiic Residency Inn,"Old Rajendra Nagar delhinull, Delhi",1156,67,325
219,219.0,Oyo Flagship 811671 Hotel Swagat Dx,"New Delhi, Delhi",910,67,310
220,220.0,Oyo 78699 Hotel Klick International,", Delhi",807,70,28
221,221.0,Collection O Hotel Ambience Near Gurudwara Shri Bangla Sahib,"Near New Delhi Railway Station, Delhi",583,67,197
222,222.0,Oyo Hotel Delhi Delight Near Sarai Rohilla Railway Station,"Near Sarai Rohilla Railway Station, Delhi",1996,64,102
223,223.0,Flagship Hotel V K Stay,"Aarakashan Road  near Delhi Railway Station), Delhi",1360,65,1036
224,224.0,Oyo Kl Khari Near Satyam Inox Patel Nagar,"Industrial Area, Delhi",899,69,992
225,225.0,Oyo Shoolin Residency Near M2K Cinemas Rohini,"Near M2k Cinema, Delhi",770,66,3198
226,226.0,Flagship Dream Inn Near Akshardham,"Chander Vihar Near Aggarwal Sweets East Delhi, Delhi",651,71,17
227,227.0,Oyo Townhouse 511 Prakash Continental Near Netaji Subhash Place Metro Station,"Netaji Subash Palace, Delhi",1670,65,651
228,228.0,Oyo Hotel Sun Palace,"Karol Bagh, Delhi",1000,67,787
229,229.0,Oyo Townhouse 118 Gagan Vihar Near V3S Mall,"Near RG Stone hospital , Hargobind Enclave, Delhi",1004,67,10
230,230.0,Oyo Flagship 80769 Seven Heaven,"B-54 Lawrence Road Industrial Area Near Lawrence Road, Delhi",1670,65,311
231,231.0,Capital O Season Grand,Near Pitampura metro station,799,79,560
232,232.0,Oyo 74596 Dream Town Near V3S Mall,"Shahdara, Delhi",1444,67,389
233,233.0,Oyo Flagship 812357 Hotel Landmark Deluxe,"Karol Bagh, Delhi",2101,65,18
234,234.0,Flagship King Stay Near Tdi Mall,"Block N, Delhi",1414,67,113
235,235.0,Flagship Hotel Br International,"Paharganj, Delhi",581,67,31
236,236.0,Oyo Hotel Bramhaputra,"Centrally Located, Near New Delhi Railway Station, Delhi",599,74,171
237,237.0,Oyo Flagship 27928 Hotel Vintage,"Near RK Ashram Metro station, Delhi",549,82,235
238,238.0,Flagship Ram Bnb,"Faiz Road Karol Bagh New Delhi, Delhi",1029,67,606
239,239.0,Oyo Flagship 80289 Hotel Neha Inn Near Jama Masjid,"Paharganj  near Delhi Railway Station)null, Delhi",1628,65,16
240,240.0,Flagship Hotel Cozzy Homes Stay Near Gurudwara Shri Bangla Sahib,"Raje Der Nagar, Delhi",770,66,98
241,241.0,Flagship Rs Hotels Near M2K Cinemas Rohini,"Shiva Market, Delhi",910,67,757
242,242.0,Oyo Townhouse 1130 262 Kailash Enclave Near M2K Cinemas Rohini,"Harsh Vihar, Delhi",576,67,551
243,243.0,Oyo Flagship 66745 Le Orange,"8880-81, Gali Number 2, Multani Dhanda, Paharganj, New Delhi, Delhi - 110055",1345,65,918
244,244.0,Oyo Le Alfanso Near Jama Masjid,"Near New Delhi Railway Station, Delhi",599,74,2
245,245.0,Oyo Hotel Park View Near Adarsh Nagar Metro Station,"Near Adarsh nagar, Matmy Memar, Delhi",957,67,1343
246,246.0,Flagship Green High Near Laxmi Nagar Metro Station,"NEAR FRUIT POWER, Laxmi Nagar Metro Station, Delhi",839,67,29
247,247.0,Oyo Townhouse 286 Near Kohat Enclave Metro Station,"Near Pitampura Metro Station, Delhi",744,68,82
248,248.0,Oyo Flagship 69760 Hotel Anchal Deluxe,"Near New Delhi Railway Station, Delhi",731,70,722
249,249.0,Collection O Ramji 7 Grand Near Tdi Mall,"Near Kirti Nagar Metro Station, Delhi",852,69,1020
250,250.0,Collection O Metro View Ashok Vihar Near Shalimar Bagh Metro Station,"Pocket C 1, Delhi",1481,65,82
251,251.0,Oyo Flagship 81569 The Red Rose Inn,"India, Delhi",677,75,856
252,252.0,Oyo Hotel Grand Peepal,"Near Karol Bagh metro, WEA, Delhi",1005,67,6
253,253.0,Oyo Hotel J P Inn Near Satyam Inox Patel Nagar,"Near Patel Nagar Metro, Block 1, Delhi",1360,65,80
254,254.0,Oyo Flagship R K Residency Near Jhilmil Metro Station,"488/5a Mcd Primary School Dilshad Garden, Delhi",549,69,319
255,255.0,Meet You There Shakarpur,"Shakarpur Laxmi Nagar Metro, Delhi",1767,65,395
256,256.0,Hotel City Plaza,"Near Laxmi Nagar, Delhi",1360,65,757
257,257.0,Flagship Hotel R.K Near Akshardham,"Near South Ganesh Nagar, Delhi",996,67,31
258,258.0,Collection O Hotel Green Palace Near V3S Mall,"H.no.-a3 Block A Jagat Puri Red Light Near Sbi Bank Jagat Puri East Delhi, Delhi",595,68,15
259,259.0,Super Oyo 703579 Flagship Santosh Residency Near V3S Mall,"Vishwas Nagar, Delhi",1414,67,166
260,260.0,Oyo Hotel Park View Near Adarsh Nagar Metro Station,"Near Adarsh nagar, Matmy Memar, Delhi",1767,65,6
261,261.0,Oyo Flagship 80289 Hotel Neha Inn Near Jama Masjid,"Paharganj  near Delhi Railway Station)null, Delhi",731,70,4
262,262.0,Oyo Flagship 81012 S P Rooms,"Mahendra Park, Delhi",1360,65,4
263,263.0,Oyo Hotel Crown Continental Near Sarai Rohilla Railway Station,"11005, Delhi",800,67,53
264,264.0,Hotel City Plaza,"Near Laxmi Nagar, Delhi",1257,65,65
265,265.0,Collection O 811248 Hotel Crystal Stay,"old Arjun Nagar, Delhi",1705,65,38
266,266.0,Oyo 811030 Ocean Guest House,"Brij Puri, Delhi",996,67,262
267,267.0,Oyo 804648 Hotel Sp Deluxe,"Near Gurudwara Shri Bangla Sahib, New Delhi",1226,67,864
268,268.0,Flagship Hansa Residency Near Akshardham,"Laxmi Nagar, Delhi",852,69,18
269,269.0,Flagship Hotel Dp Palace Near Jama Masjid,"Delhi, Delhi",1449,59,12
270,270.0,Flagship 18618 Ocean Blue Residency Near V3S Mall," A-14 Pridarshni Vihar Laxminagar, Delhi",1943,65,5
271,271.0,Oyo The Chill Palace Near Haiderpur Metro Station,"North West Delhi, Delhi",1314,67,141
272,272.0,Oyo Flagship 27928 Hotel Vintage,"Near RK Ashram Metro station, Delhi",1481,65,16
273,273.0,Oyo Flagship 805147 Hotel Sona International Near Gurudwara Shri Bangla Sahib,"Paharganj  near Delhi Railway Station)null, Delhi",1360,65,33
274,274.0,Oyo Flagship 811430 Hotel Mayur Inn,"B-3 Near DA BLOCK SHALIMAR VILLAGE, Delhi",1334,65,3
275,275.0,Oyo Hotel Emporio Near Jama Masjid,"Near Shela Cinema, DB Gupta Road, Delhi",989,64,82
276,276.0,Oyo Flagship 66745 Le Orange,"8880-81, Gali Number 2, Multani Dhanda, Paharganj, New Delhi, Delhi - 110055",696,79,141
277,277.0,Flagship Deva Guest House Near Johari Enclave Metro Station,"Ganga Enclave Delhi, Delhi",1360,65,65
278,278.0,Oyo Flagship 811181 Golden Key Inn,"plot no 341 Shalimar village opposite railway live, Delhi",2048,67,12
279,279.0,Oyo Flagship R K Residency Near Jhilmil Metro Station,"488/5a Mcd Primary School Dilshad Garden, Delhi",632,75,22
280,280.0,Oyo Hotel Emporio Near Jama Masjid,"Near Shela Cinema, DB Gupta Road, Delhi",909,67,125
281,281.0,Flagship Hansa Residency Near Akshardham,"Laxmi Nagar, Delhi",2306,67,33
282,282.0,Oyo Flagship 805147 Hotel Sona International Near Gurudwara Shri Bangla Sahib,"Paharganj  near Delhi Railway Station)null, Delhi",2190,70,72
283,283.0,Oyo Flagship 83552 Anchal Guest House,"India, Delhi",2048,67,38
284,284.0,Collection O 811806 Orange Saffron,"Shakurpurnull, Delhi",799,75,132
285,285.0,Oyo Hotel Town,Near Karol bagh metro station,1470,69,191
286,286.0,Flagship Deva Guest House Near Johari Enclave Metro Station,"Ganga Enclave Delhi, Delhi",576,80,263
287,287.0,Flagship Hotel Hans Dx Near Jama Masjid,"Paharganj  near Delhi Railway Station), Delhi",1195,67,262
288,288.0,Flagship Hotel Dp Palace Near Jama Masjid,"Delhi, Delhi",1130,67,6
289,289.0,Spot On Shyam Palace Near Gurudwara Shri Bangla Sahib,"Near R K Ashram Metro Station, Pahar Ganj, Delhi",1817,65,9
290,290.0,Capital O Hotel Sunberry,"New Delhi, Delhi",859,71,62
291,291.0,Oyo 80168 Green Villa,"Near KOSMOS Hospital, Anand Vihar, Delhi C-61 Above SBI Bank",1049,65,123
292,292.0,Flagship 18618 Ocean Blue Residency Near V3S Mall," A-14 Pridarshni Vihar Laxminagar, Delhi",626,73,1
293,293.0,Oyo Flagship 80919 Hotel Vinayaka Inn Near Gurudwara Shri Bangla Sahib,", Delhi",1692,66,3577
294,294.0,Flagship Hotel City Heart,"Paharganj , Delhi",949,64,138
295,295.0,Oyo Townhouse R K Residency Near Mother Dairy Gate No. 2,"Flat No 3 Near Fair Deal South Ganesh Nagar, Delhi",1820,65,115
296,296.0,Collection O Dayz Inn Deluxe Near Satyam Inox Patel Nagar,"B Block Lawrence Road Industrial Area Near Keshavpuram Fire Station Delhi 110035, Delhi",449,86,270
297,297.0,Oyo Flagship 80818 Hotel Metro Inn Near Gurudwara Shri Bangla Sahib,"Aram Bagh Paharganj Delhi, Delhi",1045,67,2846
298,298.0,Spot On Hotel Silver Palace Dx,"Near RK ASHRAM METRO STATION, Pahar Ganj, Delhi",1008,67,72
299,299.0,Spot On 812212 Country Residency,"Laxmi Nagar, Delhi",918,67,22
300,300.0,Flagship Kashish Residency,"single storey, Delhi",953,67,352
301,301.0,Oyo Townhouse 738 Family In,"Raj Block Naveen Shahdara Delhi, Delhi",1130,64,1215
302,302.0,Super Oyo Collection O Shalimar Bagh Near Haiderpur Metro Station,"Shalimar Village, Delhi",1668,67,3
303,303.0,Flagship Hotel Signature Village,"Near KD Campus, Gali No. 6A, Gopalpur Village",1793,64,2
304,304.0,Flagship Good Will Near Haiderpur Metro Station,"Gobind Mohalla, Delhi",1142,67,2
305,305.0,Oyo Flagship 84596 Hotel North Campus,"Civil Lines Tehsilnull, Delhi",1788,65,1
306,306.0,Oyo Flagship 811530 Bed Box,"gali no 1 kamla nagar, Delhi",1232,67,34
307,307.0,Collection O Model Town Metro View Near Model Town Metro Station,"Near Model Town Metro Station, Delhi",1262,64,7286
308,308.0,Oyo Flagship 79243 Hotel Greenwoods,"Paharganj, Delhi",1036,67,324
309,309.0,Oyo Flagship 811844 Yes Sir Guest House,"PAHARGANJ, Delhi",777,75,1945
310,310.0,Spot On Jain House Near V3S Mall,"Near East Azad Nagar, Azadnagar, Delhi",1747,65,1925
311,311.0,Oyo Flagship 811980 Hotel Rainbow,"Block A kewal park extension opposite metro pillar number 78 Azadpur Delhi 110033, Delhi",688,72,1688
312,312.0,Collection O 23641 Hotel Cozy Vibes Stay,"Near Inderlok Metro Station, Anandnagar, Delhi",627,73,5595
313,313.0,Oyo Flagship 81175 Hotel Moon Stay,"New Delhi, Delhi",909,67,1558
314,314.0,Flagship Crown Town Guest House,"near by Mandoli Jail Back Side, Delhi",1614,65,990
315,315.0,Oyo 811874 Hotel Maharaja,"Address- Shop No : 30-32-34 Old Market Main Bus Stand Timarpur Delhi 110054.  Opposite DTC Bus Stand, Delhi",679,68,94
316,316.0,Oyo Flagship 812028 Brownie,"BS Colony Vishwas Nagar Delhi 110032, Delhi",984,67,5054
317,317.0,Spot On 812286 Shivam Guest House,"3 Katra baryan laal Kuan farash khana Chandni chowk, Delhi",1587,65,1555
318,318.0,Flagship Mannat Residency Near Shiv Vihar Metro Station,"Near David School, Delhi",1912,64,3064
319,319.0,Oyo Flagship 811723 Hotel Sai Ram,"Azadpur, Delhi",1005,67,690
320,320.0,Super Oyo Townhouse 143 Hotel Royal Garden Near Park Street Mullick Bazar Crossing,"Near Jameson Inn, Park St, Kolkata",1106,67,3237
321,321.0,Flagship The Nest Inn Near Acropolis Mall,"Near Raj Market, Kolkata",2032,65,194
322,322.0,Flagship Royal Plaza Near Acropolis Mall,"Near GST Bhawan, Ruby, Acropolis Mall",890,65,5158
323,323.0,Collection O Hotel Hamza International Near Howrah Bridge,"Near College Street, MG Road, Kolkata",1086,67,1162
324,324.0,Super Oyo Townhouse 1050 Centre Point Inn Near Esplanade Metro Station,"Beside K C Das Sweet Esplanade Post ice, Kolkata",791,67,1684
325,325.0,Oyo Townhouse 229 Hotel Mannat International Near Science City Topsia,"Near Bypass Connector, Kolkata",1345,65,152
326,326.0,Super Oyo Collection O Ketan Regency Near Acropolis Mall,953 Purbachal Road adapt House Prince Park Kalikapur  in lane between Tata chroma showroom & Yamaha Moters Showroom,576,71,661
327,327.0,Townhouse Oak Hotel Lake View Royal Near Science City,"East Topsia Road, Kolkata",1071,67,1732
328,328.0,Flagship R A Homestay Near Acropolis Mall,"Nitai Nagar, Kolkata",990,67,2324
329,329.0,Collection O 74257 Gokul Residency,"Near Emami City, Nagerbazar, Dum Dum, Kolkata",925,67,326
330,330.0,Super Oyo Collection O Hotel Green Leaf Near Acropolis Mall,"Kasba, Kolkata",696,76,1652
331,331.0,Super Oyo Townhouse 726 Hotel All In One Near City Centre Salt Lake,DL-34 Karunamoyee Near Anandalok Hospital Bidhannagar Saltlake,1380,67,1178
332,332.0,Oyo G R Hospitality,"VIP Road Baguihati Kolkata Airport Near Ladies Hostel, Narayantala",820,69,1063
333,333.0,Spot On Silver Green Near Netaji Subhash Chandra Bose International Airport,"Mondal Ganthi Road, Kaikhali, VIP Road Kolkata 700052, West Bengal",1006,67,823
334,334.0,Oyo A Retro Near Rdb Cinemas,"Near Tank N0.3, New Town, Rajarhat, Kolkata",1753,65,695
335,335.0,Super Oyo Townhouse 75779 The Royal Retreat,"Kolkata International Airport, Belghoria Express Way Noapara & Baranagar Metro Station",1050,69,725
336,336.0,Oyo Kuber Residency Near Birla Mandir,"Near Tagore Park, Kasba, Kolkata",1241,65,756
337,337.0,Collection O Aafreen Tower Near St. Thomas'S Church,"Esplanade, Kolkata",1136,68,914
338,338.0,Flagship Hotel Shanavi Chinar Park,"29/2 Sayan Abasan, Nishi Kanan, Beside AR Motors, Chinar Park, Kolkata",1458,64,17
339,339.0,Flagship Sonar Bangla Guest House Near Acropolis Mall,"Near G S T Bhawan, Kolkata",576,80,1094
340,340.0,Flagship Royal Palace,"Near Acropolis Mall, Purba Abasan, Kolkata",1071,67,189
341,341.0,Oyo Diamond Plaza Near Acropolis Mall,"Kasbah Northnull, Kolkata",955,67,81
342,342.0,Flagship Hotel New Aamaze Inn Near Acropolis Mall,"Near Vivanta Hotel, Kolkata",777,75,822
343,343.0,Flagship Delightful Stay Em Byepass Near Birla Mandir,"Uttar Panchanna Gram, Kolkata",1023,64,1807
344,344.0,Super Oyo Hr Inn Near City Centre Salt Lake,"Bidhannagar, Kolkata",1256,67,31
345,345.0,Super Oyo Silverkey Deshapriya Park Near Kalighat Kali Temple,"Near EDEN GROUP BUILDING, Manoharpukur, Kolkata",576,80,828
346,346.0,Oyo Fantasy Stay Near City Centre Salt Lake,"Near Sector 1, Bidhan Nagar, Kolkata",820,69,733
347,347.0,Collection O De Sivalika Boutique Near Dakshineswar Kali Temple,"Grand Trunk Road, Belur Math,Kolkata",1050,69,556
348,348.0,Flagship Majestic Inn Near Bidhanagar Station,"South Dumdum, Kolkata",816,67,54
349,349.0,Collection O Premium Hotel,"1/B/24, AL BLOCK, STREET NO.22,NEW TOWN, RAJARHAT, KOLKATA",1345,65,667
350,350.0,Flagship Diamond Regency Near Birla Mandir,"Near Acropolis Mall, Kolkata",688,72,1318
351,351.0,Flagship Hotel Dreamline Near Acropolis Mall,"Near Sbi E-cornernullnull, Kolkata",611,72,1188
352,352.0,Collection O Motisarai Near Birla Mandir," Park Street, Kolkata",1164,67,65
353,353.0,Oyo Pinnacle Auberge,Chinar Park Kolkata International Airport Beside Spencers Rajarhat Main Road,1084,67,649
354,354.0,Capital O Fortune Inn Near Birla Mandir,"Kasba, Kolkata",2185,65,674
355,355.0,Capital O Kabita Guest House Near Acropolis Mall,Mukundapur Main Road Seven Maddox Square Multi cuisine Restaurant Kolkata EM Bye Pass Opposite Dr. Devi Shetty Hospital,2082,65,68
356,356.0,Oyo Townhouse 567 Mb International,"Beniapukur, Kolkata",746,67,349
357,357.0,Flagship Hotel Divira Inn,"New Town, Kolkata",949,71,637
358,358.0,Super Oyo Sagorika Inn,Chinarpark Amenia; Arsalan,549,86,497
359,359.0,Capital O Hotel Gardenia Near Birla Mandir,"Near Laxminarayan Temple, Sarat Bose Road, Kolkata",1654,67,37
360,360.0,Flagship Hotel Rockstar Near Birla Mandir,Kolkata Opposite Bangladesh High Commission) Near A.J.C Bose Flyover,1229,65,1165
361,361.0,Oyo Flagship Vicky Guest House Near City Centre Salt Lake,"Tcs Gitobitan, Kolkata",1458,64,117
362,362.0,Oyo Rooms 91148 Hotel Stay Inn,"Action Area I, Kolkata",1256,67,637
363,363.0,Super Oyo Townhouse 095 Akash Ganga Park Circus Near Birla Mandir,"Beniapukur, Kolkata",1030,67,1115
364,364.0,Super Oyo Trisha Guest House,"Behind New Life Nurshing Home, Oppssite Arati cinema, Sahabagan, Kolkata",1413,65,35
365,365.0,Flagship Santoshi Banquet And Marriage Hall Near St. Thomas'S Church,"Kulia, Kolkata",1339,67,489
366,366.0,Oyo Starlight Guest House Near Birla Mandir,"Shantipally Near Acropolis Mall, Kolkata",1636,65,51
367,367.0,Super Oyo Capital O 700752 Hotel Dak Plaza,"Near Axis Mall, CE Block, Newtown, Kolkata 700156",993,67,1299
368,368.0,Oyo Flagship 86727 New Diamond Palace,"Kolkata 700107, Kolkata",1334,72,94
369,369.0,Collection O Hotel Paradise Near Chinar Park,"Kolkata West Bengal Kolkata, Kolkata",816,67,349
370,370.0,Oyo Hotel City Of Joy,"Salt Lake, Kolkata",2082,65,17
371,371.0,Oyo Red Velvet Classic Near Netaji Subhash Chandra Bose International Airport,Kaikhali Above IndusInd Bank ATM Kolkata International Airport 02 Hotel VIP Road,1084,67,394
372,372.0,Oyo Flagship Monurama Homestay Near Acropolis Mall,"Purba Diganta, Kolkata",2185,65,32
373,373.0,Oyo Green Leaf Hospitality Near City Centre Salt Lake,FD 390 SECTOR 3 SALT LAKE CENTRAL PARK MANI SQUARE CITY CENTRE 1,929,70,28
374,374.0,Flagship Relax View Dumdum Park Near City Centre Salt Lake,"Dum Dum Park, Kolkata",1213,67,117
375,375.0,"Super Oyo 22566 Red Velvet Inn Near Chinar Park,Airport","Near Chinar Park, Backside of NPG Hotel, Opposite Charnock Hospital",1156,67,35
376,376.0,Capital O Krish Residency,"Near Action Area I, New Town Bus Stand DLF1, Kolkata, West Bengal",1023,64,674
377,377.0,Collection O Avenue Inn Near Vip Road,"288/2 Bangur Avenue Block B, Near Bangur Swimming Pool Jessore Road Diamond Plaza Mall Nagerbazar ",1126,65,189
378,378.0,Super Oyo Flagship 89087 Brill Rooms Saltlake City Centre,"Saltlake, Kolkata",1426,65,235
379,379.0,Super Oyo Collection O The Coco Inn Near South City Mall,"Near 13C Bus Stand, Regent Estate, Kolkata",929,67,20
380,380.0,Flagship Kalighat,"Near Raja Santosh Road, Alipore, Kolkata",1257,65,141
381,381.0,Flagship R A Homestay Near Acropolis Mall,"Nitai Nagar, Kolkata",1323,68,34
382,382.0,Collection O Hotel Paradise Near Chinar Park,"Kolkata West Bengal Kolkata, Kolkata",949,61,141
383,383.0,Oyo Flagship 812089 Laxmi Guest House Jadavpur,"46 Raja S.C.Mallick Road  Raja S.C Mallick Road, Kolkata",878,67,142
384,384.0,Flagship Hotel Dreamline Near Acropolis Mall,"Near Sbi E-cornernullnull, Kolkata",3114,65,60
385,385.0,Oyo Padmavati Projects Pvt Ltd Near Netaji Subhash Chandra Bose International Airport,"Biswa Bangla Sarani Behind Binany Building, Chinar Park, Beside NPG Hotel, Nibedita Apartment , Kolkata 700157",1474,68,474
386,386.0,Collection O 811014 Hotel Wow,"SALT LAKE, Kolkata",1023,64,345
387,387.0,Flagship Priyangshu Inn,"Madhurdaha, Kolkata",1188,65,1299
388,388.0,Flagship Relax View Dumdum Park Near City Centre Salt Lake,"Dum Dum Park, Kolkata",1034,67,32
389,389.0,Collection O Avenue Inn Near Vip Road,"288/2 Bangur Avenue Block B, Near Bangur Swimming Pool Jessore Road Diamond Plaza Mall Nagerbazar ",1339,65,19
390,390.0,Oyo Flagship 812161 Hotel Asha Inn,"BIDHANNAGAR, Kolkata",1041,65,397
391,391.0,Super Oyo Capital O 700752 Hotel Dak Plaza,"Near Axis Mall, CE Block, Newtown, Kolkata 700156",1463,64,165
392,392.0,Oyo Pinnacle Auberge,Chinar Park Kolkata International Airport Beside Spencers Rajarhat Main Road,1314,72,619
393,393.0,Oyo Maa Tara Guest House Near Acropolis Mall,"Near R.N.Tagore Hospital, Nitainagar, Kolkata",1680,65,125
394,394.0,Flagship Hmb Guest House Near Salt Lake,"Sector II Salt lake water tank no 8, Kolkata",1660,64,7
395,395.0,Flagship Hotel Red Rose Near Noapara Metro Station,"Dum Dum, Kolkata",1334,65,141
396,396.0,Oyo Townhouse 444 Heera Holiday Inn Near St. Thomas'S Church,"51,Elliot Road Park Street Near Assembly Of God Church Adjacent 144668:1076985",1156,68,141
397,397.0,Collection O Kyd Guest House Near Indian Museum,"700001, Kolkata",1698,65,34
398,398.0,Spot On 812338 Om Palace Guest House,"Near Jalsaghar Netaji Nagar, Kolkata",2082,65,35
399,399.0,Oyo Ma Kali Guest House Near City Centre Salt Lake,"Near FD Block, Bidhannagar, Kolkata",1329,65,428
400,400.0,Oyo Flagship 90803 Sweet Grove,"Sector V, Kolkata",626,79,394
401,401.0,Oyo The Olive Near City Centre Salt Lake,"Near Bus Stand, Anandaloke Hospital, Cl Block, Kolkata",1308,65,621
402,402.0,Oyo Hotel Maruti Lodging,"Above Reliance Trends, Raghunathpur, Kolkata",599,82,158
403,403.0,Flagship Kalighat,"Near Raja Santosh Road, Alipore, Kolkata",599,77,42
404,404.0,Collection O 811014 Hotel Wow,"SALT LAKE, Kolkata",949,68,61
405,405.0,Oyo Flagship 805260 Saltlake Palace,"Salt Lakenull, Kolkata",1252,67,8
406,406.0,Flagship Amaris Stay Hub Near Science City,"171D/1F/2, 49 Picnic Garden Road, VIP Bazar,  EM Bypass, Near Science City",699,80,80
407,407.0,Flagship Nayak Palace Inn Near Birla Mandir,"Ballygunge, Kolkata",1099,67,343
408,408.0,Oyo Hotel Nest Near St. Thomas'S Church,"Near Bata More, Royd Street, Kolkata",1437,67,5
409,409.0,Oyo Flagship 76211 Honey Regency Near City Centre Salt Lake,"E C Block, Kolkata",850,67,334
410,410.0,Collection O 81128 Enigma,"Ballygunge, Kolkata",1087,67,55
411,411.0,Oyo Flagship 812161 Hotel Asha Inn,"BIDHANNAGAR, Kolkata",729,67,195
412,412.0,Collection O Kyd Guest House Near Indian Museum,"700001, Kolkata",925,67,209
413,413.0,Flagship Hotel Red Rose Near Noapara Metro Station,"Dum Dum, Kolkata",815,67,74
414,414.0,Oyo Townhouse 444 Heera Holiday Inn Near St. Thomas'S Church,"51,Elliot Road Park Street Near Assembly Of God Church Adjacent 144668:1076985",811,67,245
415,415.0,Flagship Swastik Inn Near South City Mall,"Poddar Nagar, Kolkata",1441,67,260
416,416.0,Oyo Flagship 76629 Bimla Regency Near Noapara Metro Station,"Police Station, Dum Dum, Kolkata",929,67,604
417,417.0,Oyo Flagship 812443 Mrs Inn,"Sector III, Kolkata",1199,57,3
418,418.0,Oyo Padmavati Projects Pvt Ltd Near Netaji Subhash Chandra Bose International Airport,"Biswa Bangla Sarani Behind Binany Building, Chinar Park, Beside NPG Hotel, Nibedita Apartment , Kolkata 700157",2649,25,6
419,419.0,Oyo Pallyshree Guest House,"Jyangra Sani Mandir, Baguiati Jora Mandir Chinar Park VIP Road Raghunathpur, Kolkata International Airport",3149,25,7
420,420.0,Oyo Townhouse 92944 Hotel Pan Asia International,"Jatin Das Road, Kolkata",1799,25,144
421,421.0,Oyo Flagship Hotel The Buddha Fooding And Lodging,"Near Samabayika Behala, Kolkata",1999,25,7398
422,422.0,Super Oyo Townhouse Hotel Vrindavan,"AA-027 Salt Lake Sector 1 1st Cross Road PNB Island Bus Stop Bidhannagar Ultadanga Kolkata 700064, West Bengal",3899,25,7
423,423.0,Collection O Rest In Near Saltlake,"Near Newtown Bus stand , Kolkata",1799,25,127
424,424.0,Flagship 78299 White Stone Hospitality,Aminia Restaurant Back Side Chinar Park Crossing Great Eastern Kolkata Airport,6099,25,161
425,425.0,Collection O 812085 Hotel 7Dayz Inn Near City Centre 2,"West Bengal, Kolkata",1799,25,69
426,426.0,Collection O 812607 Hotel G.N Palace,"Bara Bazar, Kolkata",1664,25,107
427,427.0,Flagship Divya Jyoti Inn Near Rdb Cinemas,"AI 87 Street No 23 Action Area 1 Newtown, Rajarhat",4849,25,77
428,428.0,Oyo Flagship 70403 Chinar Inn,"Behind Shree Shree Bholanath Kali Temple, Kolkata",1699,25,130
429,429.0,Oyo Hotel Padmavati Near Netaji Subhash Chandra Bose International Airport,"Biswa Bangla Sarani Behind Binany Building, Chinar Park, Beside NPG Hotel, Nibedita Apartment , Kolkata 700157",1664,25,24
430,430.0,Oyo Flagship 81584 Hotel Swagatam,"Rajarhat, Kolkata",3699,25,129
431,431.0,Collection O 64870 Hotel Holiday Science City,SANJHA CHULHA RESTAURANT SCIENCE CITY EM BYE PASS,3149,25,1
432,432.0,Oyo Comfort Stays,"Rajarhat, Kolkata",4299,25,35
433,433.0,Flagship Heritage Inn Near City Centre Salt Lake,"Salt Lake, Kolkata",3799,25,22
434,434.0,Oyo Flagship 78267 City Inn,Avisar Spencer Kalikapur,4649,25,16
435,435.0,Collection O 76651 Dovers Inn,"Opp Gariahat Police Station, Kolkata",2499,25,23
436,436.0,Capital O Hotel Heritage Near Vip Road,"VIP Rd, Beside Spandhan Hospital, Raghunathpur, Tegharia Netaji International Airport, Rajarhat, Kolkata, West Bengal  700059",3749,25,21
437,437.0,Collection O Tulsi Palace,", Kolkata",3249,25,53
438,438.0,Oyo Flagship 812166 Moon Regency,"Sector 2, Kolkata",4749,25,13
439,439.0,Oyo Pratiksha Guest House Near City Centre Salt Lake,"Bangur Avenue Block B, Kolkata Kolkata West Bengal India 700055",3549,25,23
440,440.0,Townhouse 1210 Brill Rooms Inn,"Action Area 1A, Kolkata",2499,25,90
441,441.0,Collection O 82136 Elite Stay,AL283 Al block salt lake sector 2 KOLKATA.,3449,25,9
442,442.0,Oyo Flagship Trivedi Inn Near Ruby Hospital,"Kasba, Kolkata",4799,25,1
443,443.0,Super Oyo Flagship Mourigram Near Andul Rd,"Howrah, Kolkata",2499,25,417
444,444.0,Flagship Sammy Hospitality,"Salt Lake, Kolkata",3499,25,1248
445,445.0,Flagship Ankita Guest House,"Near Gst Bhawan, Kolkata",4299,25,137
446,446.0,Oyo Karunamoyee Guest House Near City Centre Salt Lake,"Karunamoyee Bus Terminal, Bidhannagar, Kolkata",2899,25,200
447,447.0,Oyo Smriti Villa Residency,"Sector IIInull, Kolkata",2149,25,185
448,448.0,Oyo Sima Inn Guest House Near City Centre Salt Lake,"Near Near Salt Lake, Sector 2, Kolkata",2199,25,249
449,449.0,Flagship Chinar Heavens Near Netaji Subhash Chandra Bose International Airport,"AS/267, KAIKHALI, CHINAR PARK, P.O. - AIRPORT, KOLKATA - 700052",1849,25,63
450,450.0,Flagship Scholars Motel Guest House) Near St. Thomas'S Church,"Esplanade, Kolkata",2549,25,1273
451,451.0,Flagship H B Guest House,"Near Ruby Hospital, Kolkata",2449,25,2372
452,452.0,Oyo Smriti Villa Near City Centre Salt Lake,"GD-138, GD MARKET, Near NIH, Salt Lake",2049,25,4151
453,453.0,Spot On Swapna Guest House Near Birla Mandir,"1 No Hatgachia Dhapa Road Kolkata Behind Itc Sonar Bangla Hotel And Beside Milan Mela Prangan, Kolkata",2049,25,1101
454,454.0,Flagship 7 Div Guest House Near City Centre Salt Lake,"CK 109 Near Saltlake Sector 2, 9 No Water Tank  Karunamayee Bus Stop",2499,25,1995
455,455.0,Flagship New Silver Inn,"Near Tagore Park, Tijala, Kolkata",1699,25,1762
456,456.0,Flagship Tinker Bell Near Acropolis Mall,"Mukundapur, Kolkata",3099,25,1434
457,457.0,Oyo Flagship Hotel Suleman Palace Near St. Thomas'S Church,"Bux Lane, Kolkata",1999,25,431
458,458.0,Flagship Rakhakali Guest House Fooding And Loding,"near Shalimar station ticket counter , Kolkata",2249,25,165
459,459.0,Flagship Kajali Guest House Near Birla Mandir,"Near Bosepukur, Kasba, Kolkata",2499,25,1004
460,,Oyo Premium 529 Jasola Vihar,"Pocket-2, Jasola",2649,25,888
461,,Oyo Flagship 485 Gk2 Savitri Cinema,"E Block,GK2",1899,25,103
462,,Oyo Flagship 573 Paharganj Ndls,"Arakashan Road, Paharganj",1199,25,129
463,,Oyo Flagship 513 Delhi Airport,"A Block,Mahipalpur Extension",3549,25,798
464,,Oyo Premium 055 New Friends Colony Ring Road,CV Raman Marg,2749,25,2919
465,,Oyo Rooms 658 Nehru Place 1,"E Block, East Of Kailash",2549,25,943
466,,Oyo Premium 210 Lodhi Road,Sunder Nagar,1599,25,562
467,,Oyo Rooms 632 Mandir,Kalkaji,1249,25,709
468,,Oyo Rooms 696 Nh8 Mahipalpur,"Road 1, Mahipalpur",2399,25,1086
469,,Oyo Premium 241 Patel Nagar Metro Station,East Patel Nagar,3249,25,1320
470,,Oyo Rooms 010 Karol Bagh 1078,"Karol Bagh, New Delhi",3599,25,2881
471,,Oyo Rooms 689 Indira Gandhi International Airport,"Road No 1, Mahipalpur",2749,25,140
472,,Oyo Homes 459 New Friends Colony 2,"Second Floor (With Elevator), New Friends Colony ",2599,25,7
473,,Oyo Premium 033 New Friends Colony,CV Raman Marg,3599,25,141
474,,Oyo Premium 160 Metro Station,Saket,2049,25,141
475,,Oyo Rooms 030 Igi Airport Aerocity,"National Highway No. 8, Mahipalpur",1949,25,34
476,,Oyo Rooms 142 Connaught Place 1,Connaught Circus,1149,25,35
477,,Oyo Rooms 257 Rajendra Place Pusa Circle,East Patel Nagar,1749,25,428
478,,Oyo Rooms 171 Igi Airport Nh8,"National Highway 8, Near IGI Domestic Airport, Mahipalpur",1849,25,394
479,,Oyo Rooms 080 Executive Igi Airport,"Mahipalpur Extn, Near Airport, National Highway -8",2699,25,621
480,,Oyo Premium 182 Siri Fort Sports Complex,Anand Lok,3199,25,158
481,,Oyo Rooms 118,Vasant vihar,2699,25,42
482,,Oyo Rooms 457 Azadpur Mandi Extension,Adarsh Nagar,3799,25,61
483,,Oyo Rooms 183 Opp Igi Airport Main Road,"N.H. 8, Near IGI Airport Road No. 1, Mahipalpur Extension , Mahipalpur",3299,25,8
484,,Oyo Premium 207,Greater Kailash 1,2499,25,80
485,,Oyo Homes 380 Gtb Nagar,Kingsaway,2349,25,343
486,,Oyo Rooms 680 Jasola Pocket 1,Jasola Vihar,2299,25,5
487,,Oyo Premium 292 Lajpat Nagar Main Road,Lajpat Nagar 4,1849,25,334
488,,Oyo Rooms 144 Cr Park,Outer Ring Road,1799,25,55
489,,Oyo Rooms 098 South Delhi,"Opposite Karnataka Bank, Kalkaji",1349,25,195
490,,Oyo Apartments 273 Sector 12,Dwarka,1449,25,209
491,,Oyo Rooms 616 Ndls Gate Number 2,Desh Bandhu Gupta Road,1499,25,74
492,,Oyo Rooms 195 Patel Nagar Metro Station,East Patel Nagar,4649,25,245
493,,Oyo Rooms 128 Paschim Vihar District Park,Bhera Enclave,1649,25,260
494,,Oyo Rooms 613 B&B,Kirti Nagar,1649,25,604
495,,Oyo Rooms 006 New Friends Colony,Near Bank of Baroda,3999,25,3
496,,Oyo Rooms 690 Okhla Near Fortis Hospital,"Jamia Nagar, Okhla",1699,25,6
497,,Oyo Rooms 509 Near Badarpur,"60 Feet Road, Pul Pehlad Pur",1899,25,7
498,,Oyo Premium 177,Defence Colony,1399,25,144
499,,Oyo Rooms 329 8575,Arakashan Road,4199,25,7398
500,,Oyo Rooms 491 Mahipalpur Nh8,"National Highway, NH8",2149,25,7
501,,Oyo Rooms 194 Next To Igi Airport Corporate Special,"Kapashera Extension, Bijwasan Road",3649,25,127
502,,Oyo Rooms 215 Gangaram Hospital,Old Rajendra Nagar,1249,25,161
503,,Oyo Rooms 212 Hauz Khas,Panchsheel Park South,1449,25,69
504,,Oyo Rooms 588 Db Gupta Road Near Flyover,Dariba Pan,2249,25,107
505,,Oyo Rooms 185 Gk 1 Near M Block Market,Greater Kailash Part 1,3449,25,77
506,,Oyo Rooms 653 Near Metro,Kailash Colony,2899,25,130
507,,Oyo Rooms 133 East Of Kailash Extension,Opp Sapna Cinema,1599,25,24
508,,Oyo Rooms 486 Igi Airport Near Main Road,"Near Prem Motor Showroom, Adjoining Vasantkunj Road",2449,25,129
509,,Oyo Rooms 602 Chandi Wali Gali Paharganj,Near New Delhi Railway Station,1249,25,1
510,,Oyo Rooms 528 8A/50 Channa Market,"Channa Market, Karol Bagh",2099,25,35
511,,Oyo Premium 052 Jasola Apollo,Kalindi Kunj Road,1949,25,22
512,,Oyo Rooms 270 Nizamuddin Railway Station,Jangpura,1499,25,16
513,,Oyo Rooms 089 Kalkaji,Chittaranjan Park,2299,25,23
514,,Oyo Rooms 484 Igi Airport Hotel,NH8,1299,25,104
515,,Oyo Rooms 126 East Of Kailash,Near Nehru Place,1599,25,410
516,,Oyo Rooms 272 Delhi English School Sector 21 Dwarka,Dwarka Sector 23,1699,25,879
517,,Oyo Rooms 567 Paharganj Near Rk Ashram Metro,Near R.K. Ashram Metro Station,1449,25,75
518,,Oyo Rooms 599 Rajguru Road Paharganj 2,"Rajguru Road, Chuna Mandi",1449,25,686
519,,Oyo Rooms 300 Igi Airport 3,"Behind Prem Maruti Showroom, Mahipalpur",1349,25,588
520,,Oyo Rooms 641 Sector 7 Palam Extension,"Sector 7, Near Shree Makhan Sweet, Ramphal Chowk",1599,25,1875
521,,Oyo Premium 529 Jasola Vihar,"Pocket-2, Jasola",1849,25,995
522,,Oyo Premium 143 Janta Market,Rajouri Garden,1599,25,1144
523,,Oyo Rooms 565 Airport Travellers Delight,"Street No.7, Near IGI Airport, Mahipalpur",5049,25,2051
524,,Oyo Premium 220 Extension,East of Kailash,3899,25,644
525,,Oyo Rooms 666 Nehru Place Near Metro Station,Nehru Enclave,3699,25,34
526,,Oyo Rooms 350 Delhi Gate,Darya Ganj,3449,25,664
527,,Oyo Premium 106,Paharganj,1799,25,119
528,,Oyo Rooms 044 Patel Nagar Delhi,East Patel Nagar,6099,25,477
529,,Oyo Rooms 671 Dabri Palam Road,Main Mahiveer Enclave in front of Sulabh International Dabri Palam Road,4999,25,589
530,,Oyo Rooms 553 Paharganj Flyover 1,"D.B. Gupta Road, Paharganj",3849,25,470
531,,Oyo Rooms 111 54,Paharganj,2349,25,465
532,,Oyo Rooms 105 Db Gupta Road 2,Paharganj,3349,25,711
533,,Oyo Rooms 361 Paharganj Near Darbar Sweets,Pahar Ganj,5799,25,16
534,,Oyo Premium 532 Gk1 M Block Market 1,Greater Kailash 1,3299,25,2617
535,,Oyo Rooms 027 8/41,Karol Bagh,2049,25,3524
536,,Oyo Rooms 358 Near Sports Complex,Jasola,2049,25,253
537,,Oyo Premium 236 Metro,Malviya Nagar,3349,25,429
538,,Oyo Homes 678 Jangpura Birbal Road,Jangpura Extension,3349,25,1457
539,,Oyo Apartments 561 Ramphal Chowk,"Palam Extension, Sector 7, Near Gold's Gym",3449,25,1144
540,,Oyo Rooms 038 Jamia River View,Jamia Nagar,3249,25,74
541,,Oyo Premium 483 Lajpat Nagar 2,Ring Road,3299,25,2664
542,,Oyo Homes 382 Pitampura Metro Station,Road no 44,3149,25,207
543,,Oyo Premium 123 Hauz Khas,Safdarjung Enclave,2999,25,562
544,,Oyo Rooms 115 Main Bazar Paharganj,Near Imperial Cinema,2749,25,709
545,,Oyo Rooms 296 Railway Station 2,Paharganj,2399,25,1086
546,,Oyo Homes 375 H Block,South Extension - 1,2749,25,1320
547,,Oyo Rooms 297 Pvr,Saket,1699,25,2881
548,,Oyo Rooms 065 Janakpuri Near Dabri Mod,"Pankha Road,Dabri Mor",6849,25,140
549,,Oyo Rooms 136 Karol Bagh 5/25,Karolbagh,1999,25,7
550,,Oyo Rooms 396 Nirman Vihar Metro,Near Nirman Vihar Metro Station,1549,25,141
551,,Oyo Rooms 268 Gali Hari Mandir,Paharganj,3549,25,141
552,,Oyo Rooms 277 Near Jhandewalan Metro,Karol Bagh,1099,25,34
553,,Oyo Premium 672 Paharganj Police Station,"Street No.1, Multani Dhanda, Paharganj",3999,25,35
554,,Oyo Rooms 043 Nehru Place Extension,Jasola,3299,25,428
555,,Oyo Rooms 683 Near T3 Airport Delhi,Kapashera,3749,25,394
556,,Oyo Rooms 596 Main Bazaar Paharganj Gali No 1,"Main Bazar, 6 Tooti Chowk",2549,25,621
557,,Oyo Rooms 609 Paharganj Near Ndls,"Ram Nagar, Street No.1",3849,25,158
558,,Oyo Rooms 266 7A/36 Channa Market,Karol Bagh,3249,25,42
559,,Oyo Rooms 173 Paharganj Qutub Road,Ram Nagar,3749,25,61
560,,Oyo Rooms 173 Paharganj Qutub Road,Ram Nagar,5099,25,8
561,,Oyo Rooms 578 Karol Bagh 16/7 Arya Samaj Road,"Arya Samaj Road, Opposite Satbhrawan School",3499,25,80
562,,Oyo Rooms 230 Near Rk Ashram Metro,Paharganj,2949,25,343
563,,Oyo Rooms 626 Db Gupta Ndls,"Near Gate No 1, Opposite Sheila Cinema",3949,25,5
564,,Oyo Rooms 451 Gali No 3 Ram Nagar Paharganj,"Saran Building, Gali No. 3",4749,25,334
565,,Oyo Flagship 497 Green Park,"B Block, Safdarjung Enclave",2299,25,55
566,,Oyo Flagship 500 New Friends Colony,"Plot no. A-44, A Block, New Friends Colony, Delhi",3399,25,195
567,,Oyo Flagship 494 East Of Kailash,"Plot no. E-301, E Block, East of Kailash, Delhi",3349,25,209
568,,Oyo Flagship 512 Safdarjung Enclave,"B Block, Safdurjung Enclave",3499,25,74
569,,Oyo Flagship 573 Paharganj Ndls,"Arakashan Road, Paharganj",1899,25,245
570,,Oyo Premium 526 Wazirpur Industrial Area,"Phase 2, Ashok Vihar, New Delhi",3399,25,260
571,,Oyo Rooms 610 Green Park Extension,Hauz Khas Village,4499,25,604
572,,Oyo Rooms 606 1,New Friends Colony,3199,25,3
573,,Oyo Rooms 699 North Campus,"Phase 2, Ashok Vihar",3399,25,6
574,,Oyo Premium 538 Hauz Khas Metro,"S Block, Panchsheel Park",4499,25,7
575,,Oyo Premium 336 Resort International Airport Delhi,Kapashera,4049,25,144
576,,Oyo Rooms 592 Deer Park,SFE,1349,25,7398
577,,Oyo Rooms 698 Paharganj Ndls,"Arakashan Road,Pahargankj",2649,25,7
578,,Oyo Rooms 697 Karol Bagh,"Desh Bandhu Gupta Road, Beadonpura, Karol Bagh",2399,25,127
579,,Oyo Flagship 551 Karol Bagh,"Next to Baptist Church,D.B Gupta Road, Near Police Station, Karol Bagh",2599,25,161
580,,Oyo Flagship 551 Karol Bagh,"Next to Baptist Church,D.B Gupta Road, Near Police Station, Karol Bagh",2449,25,69
581,,Oyo Rooms 676 Safdarjung Enclave 2,"B Block, Safdurjung Enclave",4199,25,107
582,,Oyo Rooms 591 Hauz Khas Village,SDA,2249,25,77
583,,Oyo Rooms 555 Pitampura,"Rajdhani Enclave,Pitampura",3099,25,130
584,,Oyo Rooms 545 Rohini Pitampura,"Saraswati Vihar, Pitampura",3399,25,24
585,,Oyo Rooms 547 Paschim Vihar 2,"Paschim Enclave, Nh-10",5649,25,129
586,,Oyo Rooms 354 Gk2 M Block Market,"E Block,Greater Kailash II",3849,25,1
587,,Oyo Rooms 498 South Ex Market,"C Block, South Extension 1",2099,25,35
588,,Oyo Premium 608 Gk2 M Block Market,"Ground Floor, Greater Kailash II, Road No. 10, Near M Block Market",3599,25,22
589,,Oyo Rooms 010 Karol Bagh 1078,"Karol Bagh, New Delhi",3399,25,16
590,,Oyo Premium 208 Gk 1 M Block Market,Greater Kailash,2549,25,23
591,,Oyo Rooms 091 Wea,Karol Bagh,3049,25,104
592,,Oyo Rooms 124,Kirti Nagar,3599,25,588
593,,Oyo Premium 404 International Airport Terminal 3 Extension,"A Block, Mahipalpur Extension, NH8, New",2199,25,1875
594,,Oyo Rooms 039 Near Qutub Road Arya Nagar,Paharganj,3049,25,995
595,,Oyo Homes 330 New Friends Colony,Friends Colony East,2299,25,1144
596,,Oyo Premium 081 Domestic Airport Delhi,"Khasara No.395, Vasant Kunj Road, Mahipalpur",2149,25,2051
597,,Oyo Rooms 031 Near Igi Airport Aerocity,"National Highway No. 8, Mahipalpur",2549,25,644
598,,Oyo Rooms 437 North Campus,"Opposite Parmarth Hospital, Above Allahabad Bank",4949,25,34
599,,Oyo Rooms 541 Dwarka Sector 13 Metro Station,"Sector 13, Dwarka",2199,25,664
600,,Oyo Rooms 079 Delhi International Airport,"Mahipalpur Extn, Near Airport, National Highway -8",3399,25,119
601,,Oyo Rooms 190 Opp Igi Airport,"NH 8, Near IGI Airport Road No. 1, Mahipalpur Extension",1649,25,477
602,,Oyo Rooms 506 Gk 1 Market,Greater Kailash 1,1799,25,589
603,,Oyo Rooms 540 Near Pitampura Metro,Dakshini Pitampura,1649,25,470
604,,Oyo Rooms 051 Market,New Friends Colony,3799,25,465
605,,Oyo Premium 586 Near Meera Bagh,"Outer Ring Road, Meera Bagh",1649,25,711
606,,Oyo Premium 311 Ring Road Gk1 2,Greater Kailash 1,2299,25,16
607,,Oyo Rooms 028 Friends Hospital Nfc,Maharani Bagh,2049,25,2617
608,,Oyo Rooms 082 Patel Nagar,Main Market,1699,25,3524
609,,Oyo Premium 510 International Airport Terminal 3,Opposite Kapashera Police Station Kapashera,1799,25,253
610,,Oyo Rooms 566 Saket J Block,"Opposite J Block Market, Saket",5999,25,429
611,,Oyo Rooms 157 Delhi Airport 2,"Opposite Indra Gandhi International Airport, Mahipalpur Extension, NH-8",1599,25,1457
612,,Oyo Rooms 184 Aerodrome Near Igi Airport,"Mahipalpur, NH-8, Near IGI Airport",2299,25,1144
613,,Oyo Premium 069 Patel Nagar,Metro Pillar No. 162,2049,25,74
614,,Oyo Rooms 524 International Airport Delhi,"A Block, N.H.8, Mahipalpur New",1599,25,2664
615,,Oyo Rooms 205 Sector 12 Metro Station,Dwarka,3799,25,207
616,,Oyo Premium 405 Gk1 Near M Block Market,Greater Kailash -1,2049,25,1360
617,,Oyo Rooms 535 Chattarpur,Chandan Hola,4199,25,69
618,,Oyo Rooms 321 Near Rk Ashram Metro Station 3,Paharganj,1799,25,2655
619,,Oyo Rooms 219 Grace Church Nfc,Kirokli,2999,25,360
620,,Oyo Rooms 170 Shadipur Metro Station,West Patel Nagar,2999,25,1675
621,,Oyo Rooms 365 Indra Gandhi Airport Main Road,"Next to Hotel Radisson, Near IGI Airport, Rangpuri",2599,25,1342
622,,Oyo Rooms 088 East Patel Nagar,Near Metro Pillar No.161,1299,25,957
623,,Oyo Premium 407 South Delhi Grand Stay,Aruna Asaf Ali Marg,3749,25,1603
624,,Oyo Rooms 014 New Friends Colony Crossroad,CV Raman Marg,1399,25,494
625,,Oyo Rooms 560 Vasant Vihar 2,Rao Tula Ram Marg,2749,25,1965
626,,Oyo Homes 520 Gk 1 M Block Market,Greater Kailash 1,1199,25,1271
627,,Oyo Elite 557 Panchsheel Enclave,Panchshila Park,1349,25,2655
628,,Oyo Rooms 253 2,New Friends colony,3349,25,644
629,,Oyo Rooms 169 Near Dps Vasantkunj,Vasant Kunj,1949,25,1603
630,,Oyo Rooms 585 Near Sector 10 Metro Dwarka,"Sector 10 Dwarka, In front of metro station",1099,25,207
631,,Oyo Homes 275 J Block,Saket,3549,25,1682
632,,Oyo Premium 534 Dwarka Near Ramphal Chowk,Dwarka Palam Road,2249,25,60
633,,Oyo Rooms 145 Paschim Vihar,Rohtak Road,1699,25,1337
634,,Oyo Rooms 249 Nehru Place Flyover,Greater Kailash 1,2399,25,1342
635,,Oyo Rooms 280 J Block Delhi,Vikaspuri,5099,25,1393
636,,Oyo Homes 110 Jangpura Ext,Jangpura Extension,1249,25,494
637,,Oyo Rooms 204 Rajendra Place Metro Station,East Patel Nagar,1599,25,299
638,,Oyo Rooms 518 Zion Church Patel Nagar,East Patel nagar,1599,25,1360
639,,Oyo Rooms 263 Pvr,Vikas Puri,1799,25,1271
640,,Oyo Premium 232 Near Dlf Tower,Jasola,1249,25,352
641,,Oyo Apartments 273 Sector 12,Dwarka,1949,25,358
642,,Oyo Premium 187,Hari Nagar,2099,25,17
643,,Oyo Rooms 057 Sector 19,Dwarka,6149,25,332
644,,Oyo Homes 456,Rani Bagh,1349,25,1061
645,,Oyo Rooms 480 Igi Airport 4,"Road no 2, Mahipalpur",1449,25,1013
646,,Oyo Premium 129 Sector 7,Dwarka,3799,25,1549
647,,Oyo Homes 438 Janakpuri,Janak Puri,3549,25,1337
648,,Oyo Premium 050 Dav,Jasola,2099,25,663
649,,Oyo Rooms 203 Llahi Bux Marg,Karol Bagh,4399,25,1983
650,,Oyo Rooms 351 Karol Bagh,Saraswati Marg,1499,25,416
651,,Oyo Homes 501 Vasant Kunj Near Fortis,Shanti Kunj,1199,25,299
652,,Oyo Premium 559 Connaught Place Travellers Delight,Connaught Circus,1899,25,1488
653,,Oyo Rooms 522 17A 13 Gurudwara Road,Karol Bagh,3699,25,52
654,,Oyo Rooms 216 Ministry Of Rural Development Delhi,East Patel Nagar,1449,25,60
655,,Oyo Rooms 026,Karol Bagh,2199,25,807
656,,Oyo Rooms 271 Near Hanuman Statue,Karol Bagh,1349,25,795
657,,Oyo Premium 165 Metro Station,Rajouri Garden,3949,25,160
658,,Oyo Rooms 313 Channa Market 14A/4,Karol Bagh,2049,25,1653
659,,Oyo Rooms 078 Ring Road Gk1,Near Nehru Place,1449,25,593
660,,Oyo Rooms 174 New Delhi Railway Station 2,Ram Nagar,2349,25,352
661,,Oyo Premium 546 Green Park Metro,Near Green Park Metro,1899,25,358
662,,Oyo Rooms 085 Hauz Khas District Park,Safdarjung Enclave,2999,25,372
663,,Oyo Rooms 301 Vasant Kunj Near Dps,Opposite DPS School Gate No. 1,1849,25,707
664,,Oyo Rooms 530 Krishna Gali Near Ndls Gate 1,"Near New Delhi Railway Station, Paharganj",749,25,887
665,,Oyo Premium 137 Sector 12,Dwarka,1349,25,993
666,,Oyo Rooms 314 10174/1 Gurudwara Road,Karol Bagh,2549,25,630
667,,Oyo Rooms 653 Near Metro,Kailash Colony,1649,25,1061
668,,Oyo Rooms 108 Near Metro Station 1,Karol Bagh,1299,25,822
669,,Oyo Rooms 580 Karol Bagh 17A/59,"WEA, Karol Bag, Near RBL Bank",1549,25,353
670,,Oyo Premium 239 Near Rajendra Nagar Metro Station,New Rajinder Nagar,1499,25,202
671,,Oyo Rooms 574 Near Kirti Nagar,Near Kirti Nagar Police Station,1099,25,332
672,,Oyo Rooms 342 Near Rk Ashram Metro Station 4,"Main Bazaar, Main Bazar Road, Paharganj",3449,25,126
673,,Oyo Premium 141 Anand Vihar 2,Near Karkardooma Metro Station,1399,25,39
674,,Oyo Rooms 209 13A/22,Karol Bagh,1999,25,318
675,,Oyo Rooms 455 Near Metro Station 2,Karol Bagh,3799,25,432
676,,Oyo Rooms 147 14A/7,Karol Bagh,2799,25,59
677,,Oyo Premium 582 Pitampura,"Near Kohat Enclave Metro Station, Opposite Metro Pillar No. 332",2649,25,178
678,,Oyo Rooms 343 Main Bazar Paharganj 4350,"Kaseru Walan, Paharganj",2149,25,854
679,,Oyo Homes 328 Chhatarpur,"Maidan Garhi Road,Chattarpur",2749,25,923
680,,Oyo Rooms 226 Near Jhandewalan Metro 1,Karol Bagh,2649,25,244
681,,Oyo Rooms 265 Balaji Mandir,Karol Bagh,4099,25,926
682,,Oyo Rooms 255 Saraswati Marg,Karol Bagh,1849,25,38
683,,Oyo Rooms 274 Dwarka Sector 7,"Ramphal Chowk, Dwarka",1099,25,750
684,,Oyo Rooms 445 Saket Metro,Saiyad ul Ajaib,2999,25,586
685,,Oyo Premium 140 Connaught Place,Barakhamba,2399,25,588
686,,Oyo Rooms 332 New Delhi Railway Station Paharganj,"Kaseru Walan, Paharganj",1749,25,2
687,,Oyo Homes 508 G Block,Saket,1849,25,675
688,,Oyo Premium 334 Naraina,Naraina Vihar,1499,25,240
689,,Oyo Premium 234,Paschim Vihar,1949,25,917
690,,Oyo Homes 318 E Block,Kalkaji,1649,25,1393
691,,Oyo Premium 564 Ring Road,Nehru Place,1399,25,225
692,,Oyo Rooms 228 Near Rk Ashram Metro Station 2,Paharganj,1549,25,102
693,,Oyo Apartments 202 Saket Extension,"Near Malkhan Singh Marg, Street no.16",2049,25,179
694,,Oyo Rooms 093 Mandir Delhi,Kalkaji,2449,25,6
695,,Oyo Premium 008 Igi Airport Link Road,"Mahipalpur, NH -8, Near IGI Airport, Delhi Gurgaon Expy, Block RZ, Mahipalpur Village",4449,25,278
696,,Oyo Rooms 629 New Rohtak Road Karol Bagh,"Rohtak Road, Karol Bagh",1899,25,28
697,,Oyo Rooms 319 Igi Airport Near Fun N Food Village,"Kapashera Road, Bijwasan",2349,25,164
698,,Oyo Rooms 119 New Delhi Railway Station,Paharganj,1349,25,1044
699,,Oyo Premium 189 Gk 1 R Block,Greater Kailash Part - 1,2099,25,20
700,,Oyo Rooms 094 53/1,Karol Bagh,1899,25,568
701,,Oyo Rooms 097 Gaffar Market Karol Bagh,"Karol Bagh, New Delhi",1299,25,373
702,,Oyo Premium 386 Rajguru Road Paharganj,CHUNA MANDI,3199,25,1086
703,,Oyo Rooms 492 Ramphal Chowk Dwarka,Sector-7,1999,25,1158
704,,Oyo Rooms 130 Nizamuddin Railway Station 2,Hazrat Nizamuddin West,2599,25,1013
705,,Oyo Rooms 641 Sector 7 Palam Extension,"Sector 7, Near Shree Makhan Sweet, Ramphal Chowk",1999,25,771
706,,Oyo Rooms 298 38 Arakashan Road Pahar Ganj,Arakshan Road,2799,25,769
707,,Oyo Rooms 604 Db Gupta Main Road 1,"DB Gupta Road, Pahar Ganj Bridge",3299,25,93
708,,Oyo Rooms 176 A Block,Defence colony,1549,25,223
709,,Oyo Rooms 502 Ramphal Chowk Sector 7,"Ramphal Chowk, Sector 7 Dwarka",2399,25,20
710,,Oyo Rooms 663 Elahi Bux Road,Karol Bagh,1699,25,278
711,,Oyo Rooms 444 Near Metro Station 5,Karol Bagh,2099,25,75
712,,Oyo Rooms 605 Near Shiela Cinema Paharganj,"1B, Arakashan Road",2049,25,14
713,,Oyo Rooms 379 New Delhi Station Gate 1,"Opposite New Delhi Railway Station, Paharganj",1399,25,27
714,,Oyo Rooms 217 Market,Lajpat Nagar,2449,25,132
715,,Oyo Rooms 323 Mahipalpur,"Road No.-6, Mahipalpur, Road No 6",1349,25,191
716,,Oyo Homes 291 Sector 19,Dwarka,2049,25,263
717,,Oyo Premium 531 2,Green Park,1299,25,262
718,,Oyo Rooms 461 Kalkaji F Block,Kalkji Main Road,1999,25,6
719,,Oyo Rooms 163 Rohini Near M2K,Main Road Naharpur Village,2549,25,9
720,,Oyo Homes 558 Chattarpur Near Tivoli,"Next To Primary School, Satbari Chattarpur",2799,25,62
721,,Oyo Premium 261 Metro Station 3,Karol Bagh,3599,25,123
722,,Oyo Homes 367 Greater Kailash M Block Market 2,New Delhi,1199,25,1
723,,Oyo Premium 029 Siri Fort Road,Sadiq Nagar,1799,25,3577
724,,Oyo Rooms 152 Karol Bagh Bikanerwala,"Gurudwara Road, Karol Bagh",2299,25,138
725,,Oyo Rooms 312 Near New Delhi Railway Station,Opp. Shiela Cinema,4149,25,115
726,,Oyo Homes 460 Gk 2 Main Road,Greater Kailash II,1599,25,270
727,,Oyo Rooms 138 Vasant Kunj 1,Masoodpur Vasant Kunj,2349,25,2846
728,,Oyo Rooms 433 Jangpura,"Masjid Road, Jangpura Bhogal",3699,25,72
729,,Oyo Premium 086 Metro,Karol Bagh,1399,25,22
730,,Oyo Rooms 674 Karol Bagh Saraswati Marg 2,"Karol Bagh, New Delhi",2499,25,352
731,,Oyo Rooms 348 Near Mahipalpur Bypass,"Road No 6, Mahipalpur, Mahipalpur, International Airport Zone",1399,25,1215
732,,Oyo Rooms 358 Near Sports Complex,Jasola,3199,25,3
733,,Oyo Rooms 611 Main Bazaar 1575 Paharganj,"Main Bazar, Paharganj",3549,25,2
734,,Oyo Rooms 337 Arya Nagar Paharganj,D.B. Gupta Road,1949,25,2
735,,Oyo Rooms 075 Fortis,Vasant Kunj,2549,25,1
736,,Oyo Premium 240 Paharganj Near Ndls,Pahar Ganj,1049,25,34
737,,Oyo Rooms 045 G Block,Connaught Place,1499,25,7286
738,,Oyo Rooms 090 Outer Ring Road,CR Park,3549,25,324
739,,Oyo Homes 310 Shivalik Road Malviya Nagar,Near Aurobindo College,2099,25,61
740,,Oyo Rooms 104 Paharganj Railway Station,Pahar Ganj,2299,25,864
741,,Oyo Rooms 677,Kamla Nagar,1999,30,848
742,,Oyo Rooms 306 Karol Bagh 7A/39,Channa Market,2999,25,4273
743,,Oyo Rooms 493 Krishna Gali Near Ndls,"Krishna Gali, Ghee Mandi, Near New Delhi Railway Station Paharganj",3649,25,170
744,,Oyo Rooms 125 I,Pitampura,2599,25,249
745,,Oyo Premium 083 Metro Station,Karol Bagh,1599,25,735
746,,Oyo Rooms 316 Kalkaji M Block,"M Block, Kalkaji",1949,25,427
747,,Oyo Homes 325 Aiims,Arjun Nagar,2299,25,180
748,,Oyo Rooms 040 Aiims,Opposite AIIMS Trauma Centre,2249,25,75
749,,Oyo Premium 473 International Airport Main Road,"NH8, Mahipalpur",3549,77,23
750,,Oyo Rooms 368 Block 11A Channa Market Karol Bagh,"W.E.A, Channa Market, Karol Bagh",2099,67,49
751,,Oyo Premium 603 Red Fort,"Opposite Happy School, Daryaganj",2299,67,342
752,,Oyo Rooms 340 Hazrat Nizamuddin Railway Station,Jangpura B,1999,73,168
753,,Oyo Homes 441 Janakpuri West Metro Station,Opposite Savitri Market,2999,67,2171
754,,Oyo Premium 068 Karol Bagh,Near By Karol Bagh Police Station / HDFC bank,3649,67,1289
755,,Oyo Rooms 406 Railway Station Paharganj 4,Arakashan Road,2599,67,769
756,,Oyo Homes 101 Gk N Block Market,"Greater Kailash-1, New Delhi",1599,70,610
757,,Oyo Rooms 293 Jhandewalan Metro Station 3,Karol Bagh,1949,73,545
758,,Oyo Premium 019 Dwarka Near Airport,"Aditya Enclave, Dwarka",2299,67,1807
759,,Oyo Rooms 542 Bhogal Jangpura,"Church Road, Jungpura, Bhogal",2249,66,103
760,,Oyo Rooms 552 Gk2 M Block Market Extension,Greater Kailash-2,1799,67,15
761,,Oyo Rooms 381 Kailash Colony Metro 2,East of Kailash,2299,72,118
762,,Oyo Rooms 264 Metro Station 2,Rajouri Garden,4149,65,17
763,,Oyo Premium 458 Gt Karnal Road,Alipur,1599,67,11
764,,Oyo Rooms 597 Hari Mandir Gali Paharganj,Gali Hari Mandir,2349,65,148
765,,Oyo Rooms 385 Karol Bagh 12A/24,"Saraswati Marg, West Extension Area, Karol Bagh",3699,67,43
766,,Oyo Homes 369,South Extension 1,1399,67,7
767,,Oyo Premium 581 Karol Bag Pusa Road,"Gurudwara Road, Opposite Jessa Ram Hospital",2499,67,62
768,,Oyo Rooms 548 New Delhi Junction,"Arakashan Road, Paharganj",1399,67,4
769,,Oyo Rooms 288 Sector 12 City Centre,Dwarka,3199,67,36
770,,Oyo Premium 155 Safdarjung,Green Park Main,3549,67,65
771,,Oyo Rooms 572 Db Gupta Road Karol Bagh 2,"D.B. Gupta Road, Karol Bagh",1949,67,17
772,,Oyo Rooms 562 Madhuban Chowk,Pitampura,2549,67,28
773,,Oyo Rooms 258 Metro Station 4,Karol Bagh,1049,67,2
774,,Oyo Premium 687 Naraina Industrial Area,Naraina Vihar,1499,67,913
775,,Oyo Rooms 168 Green Park,Hauz Khas,1849,70,325
776,,Oyo Rooms 179,Kashmere Gate,1099,67,310
777,,Oyo Premium 172,Laxmi Nagar,2999,64,28
778,,Oyo Rooms 523 Karol Bagh Wea Saraswati Marg 4/39,"Saraswati Marg, Karol Bagh",2399,65,197
779,,Oyo Rooms 259 Rajguru Road,Paharganj,1749,69,102
780,,Oyo Premium 594 Malviya Nagar A Block,Shivalik Road,1849,66,1036
781,,Oyo Homes 446 Main Market,Kailash Colony,1499,25,992
782,,Oyo Rooms 096 Vasant Kunj 2,New Delhi,1949,25,3198
783,,Oyo Premium 335 Model Town Delhi,Bhama Shah Marg,1649,25,62
784,,Oyo Rooms 490 Jantar Mantar Delhi,Jai Singh Road,1399,25,4
785,,Oyo Rooms 188,Safdarjung Enclave,1549,77,36
786,,Oyo Premium 346 2,Connaught Place,2049,67,65
787,,Oyo Rooms 167 Extension,Safdarjung,2449,67,17
788,,Oyo Rooms 222 Metro Station 3,Karol Bagh,4449,73,28
789,,Oyo Rooms 398 South Extension 2,South Extension-ll,1899,67,2
790,,Oyo Rooms 516 Shakti Vihar,Pitampura,2349,67,913
